id,text
1,"Row 1: People are talking about travel experiences. Numbers such as 3657 and punctuation !?., make NLP tricky. See https://example1.site/info?ref=3657."
2,Row 2: Researchers found new insights in mobile technology. Check https://example2.site/info?ref=9590. Values like 9590 appear often!
3,Row 3: Understanding wildlife requires handling data like 208 and links https://example3.site/info?ref=208 with weird chars #!@.
4,Row 4: An article on mental health with ID 376 was published at https://example4.site/info?ref=376. It has symbols %$# and mixed content.
5,Row 5: Researchers found new insights in world politics. Check https://example5.site/info?ref=8075. Values like 8075 appear often!
6,Row 6: An article on cybersecurity with ID 7093 was published at https://example6.site/info?ref=7093. It has symbols %$# and mixed content.
7,Row 7: Researchers found new insights in agriculture. Check https://example7.site/info?ref=4759. Values like 4759 appear often!
8,Row 8: An article on wildlife with ID 3755 was published at https://example8.site/info?ref=3755. It has symbols %$# and mixed content.
9,"Row 9: Today we discuss wildlife, including numbers like 3458, a random URL https://example9.site/info?ref=3458, and symbols @#$%!"
10,Row 10: Understanding quantum computing requires handling data like 5335 and links https://example10.site/info?ref=5335 with weird chars #!@.
11,Row 11: A surprising fact about wildlife appeared online at https://example11.site/info?ref=8630. It includes digits 8630 and strange chars *&^%$!
12,Row 12: Understanding robotics requires handling data like 5289 and links https://example12.site/info?ref=5289 with weird chars #!@.
13,Row 13: Understanding robotics requires handling data like 8614 and links https://example13.site/info?ref=8614 with weird chars #!@.
14,Row 14: A surprising fact about transportation appeared online at https://example14.site/info?ref=2964. It includes digits 2964 and strange chars *&^%$!
15,Row 15: Understanding digital marketing requires handling data like 5393 and links https://example15.site/info?ref=5393 with weird chars #!@.
16,Row 16: A surprising fact about ancient history appeared online at https://example16.site/info?ref=4299. It includes digits 4299 and strange chars *&^%$!
17,Row 17: Understanding robotics requires handling data like 8599 and links https://example17.site/info?ref=8599 with weird chars #!@.
18,Row 18: An article on blockchain with ID 5784 was published at https://example18.site/info?ref=5784. It has symbols %$# and mixed content.
19,"Row 19: People are talking about robotics. Numbers such as 1207 and punctuation !?., make NLP tricky. See https://example19.site/info?ref=1207."
20,"Row 20: People are talking about movie production. Numbers such as 4677 and punctuation !?., make NLP tricky. See https://example20.site/info?ref=4677."
21,Row 21: A surprising fact about robotics appeared online at https://example21.site/info?ref=7385. It includes digits 7385 and strange chars *&^%$!
22,Row 22: An article on global warming with ID 9240 was published at https://example22.site/info?ref=9240. It has symbols %$# and mixed content.
23,Row 23: An article on virtual reality with ID 2690 was published at https://example23.site/info?ref=2690. It has symbols %$# and mixed content.
24,"Row 24: Today we discuss wildlife, including numbers like 5398, a random URL https://example24.site/info?ref=5398, and symbols @#$%!"
25,Row 25: An article on agriculture with ID 3442 was published at https://example25.site/info?ref=3442. It has symbols %$# and mixed content.
26,Row 26: A surprising fact about gaming world appeared online at https://example26.site/info?ref=7635. It includes digits 7635 and strange chars *&^%$!
27,Row 27: Understanding economics requires handling data like 6986 and links https://example27.site/info?ref=6986 with weird chars #!@.
28,"Row 28: Today we discuss space exploration, including numbers like 9382, a random URL https://example28.site/info?ref=9382, and symbols @#$%!"
29,"Row 29: People are talking about virtual reality. Numbers such as 3447 and punctuation !?., make NLP tricky. See https://example29.site/info?ref=3447."
30,Row 30: An article on robotics with ID 1392 was published at https://example30.site/info?ref=1392. It has symbols %$# and mixed content.
31,Row 31: A surprising fact about mobile technology appeared online at https://example31.site/info?ref=8782. It includes digits 8782 and strange chars *&^%$!
32,"Row 32: Today we discuss movie production, including numbers like 5577, a random URL https://example32.site/info?ref=5577, and symbols @#$%!"
33,"Row 33: Today we discuss social media trends, including numbers like 6593, a random URL https://example33.site/info?ref=6593, and symbols @#$%!"
34,Row 34: Researchers found new insights in electric vehicles. Check https://example34.site/info?ref=4287. Values like 4287 appear often!
35,Row 35: Understanding electric vehicles requires handling data like 1306 and links https://example35.site/info?ref=1306 with weird chars #!@.
36,Row 36: Understanding electric vehicles requires handling data like 9148 and links https://example36.site/info?ref=9148 with weird chars #!@.
37,"Row 37: People are talking about virtual reality. Numbers such as 3509 and punctuation !?., make NLP tricky. See https://example37.site/info?ref=3509."
38,Row 38: Researchers found new insights in movie production. Check https://example38.site/info?ref=4171. Values like 4171 appear often!
39,"Row 39: Today we discuss philosophy, including numbers like 3010, a random URL https://example39.site/info?ref=3010, and symbols @#$%!"
40,Row 40: A surprising fact about startup culture appeared online at https://example40.site/info?ref=1717. It includes digits 1717 and strange chars *&^%$!
41,"Row 41: People are talking about stock market. Numbers such as 4153 and punctuation !?., make NLP tricky. See https://example41.site/info?ref=4153."
42,"Row 42: Today we discuss gaming world, including numbers like 7635, a random URL https://example42.site/info?ref=7635, and symbols @#$%!"
43,Row 43: Understanding blockchain requires handling data like 4965 and links https://example43.site/info?ref=4965 with weird chars #!@.
44,Row 44: Researchers found new insights in electric vehicles. Check https://example44.site/info?ref=7017. Values like 7017 appear often!
45,Row 45: Understanding cybersecurity requires handling data like 2484 and links https://example45.site/info?ref=2484 with weird chars #!@.
46,Row 46: A surprising fact about blockchain appeared online at https://example46.site/info?ref=5237. It includes digits 5237 and strange chars *&^%$!
47,"Row 47: People are talking about ocean life. Numbers such as 2206 and punctuation !?., make NLP tricky. See https://example47.site/info?ref=2206."
48,Row 48: A surprising fact about robotics appeared online at https://example48.site/info?ref=5723. It includes digits 5723 and strange chars *&^%$!
49,"Row 49: People are talking about ancient history. Numbers such as 236 and punctuation !?., make NLP tricky. See https://example49.site/info?ref=236."
50,Row 50: An article on social media trends with ID 6178 was published at https://example50.site/info?ref=6178. It has symbols %$# and mixed content.
51,"Row 51: People are talking about startup culture. Numbers such as 5936 and punctuation !?., make NLP tricky. See https://example51.site/info?ref=5936."
52,Row 52: Researchers found new insights in virtual reality. Check https://example52.site/info?ref=266. Values like 266 appear often!
53,Row 53: A surprising fact about wildlife appeared online at https://example53.site/info?ref=5335. It includes digits 5335 and strange chars *&^%$!
54,Row 54: An article on ocean life with ID 4716 was published at https://example54.site/info?ref=4716. It has symbols %$# and mixed content.
55,Row 55: A surprising fact about wildlife appeared online at https://example55.site/info?ref=1750. It includes digits 1750 and strange chars *&^%$!
56,"Row 56: People are talking about gaming world. Numbers such as 1314 and punctuation !?., make NLP tricky. See https://example56.site/info?ref=1314."
57,"Row 57: People are talking about startup culture. Numbers such as 7900 and punctuation !?., make NLP tricky. See https://example57.site/info?ref=7900."
58,Row 58: Researchers found new insights in astronomy. Check https://example58.site/info?ref=273. Values like 273 appear often!
59,Row 59: Researchers found new insights in movie production. Check https://example59.site/info?ref=344. Values like 344 appear often!
60,"Row 60: People are talking about education system. Numbers such as 7610 and punctuation !?., make NLP tricky. See https://example60.site/info?ref=7610."
61,Row 61: Researchers found new insights in artificial intelligence. Check https://example61.site/info?ref=4011. Values like 4011 appear often!
62,"Row 62: People are talking about astronomy. Numbers such as 2474 and punctuation !?., make NLP tricky. See https://example62.site/info?ref=2474."
63,Row 63: A surprising fact about blockchain appeared online at https://example63.site/info?ref=2879. It includes digits 2879 and strange chars *&^%$!
64,Row 64: A surprising fact about ancient history appeared online at https://example64.site/info?ref=7170. It includes digits 7170 and strange chars *&^%$!
65,"Row 65: People are talking about crime investigation. Numbers such as 5340 and punctuation !?., make NLP tricky. See https://example65.site/info?ref=5340."
66,Row 66: Understanding astronomy requires handling data like 7975 and links https://example66.site/info?ref=7975 with weird chars #!@.
67,Row 67: Researchers found new insights in mobile technology. Check https://example67.site/info?ref=2634. Values like 2634 appear often!
68,Row 68: Researchers found new insights in virtual reality. Check https://example68.site/info?ref=4816. Values like 4816 appear often!
69,"Row 69: Today we discuss ocean life, including numbers like 6430, a random URL https://example69.site/info?ref=6430, and symbols @#$%!"
70,Row 70: Understanding global warming requires handling data like 7592 and links https://example70.site/info?ref=7592 with weird chars #!@.
71,"Row 71: Today we discuss travel experiences, including numbers like 8398, a random URL https://example71.site/info?ref=8398, and symbols @#$%!"
72,Row 72: An article on global warming with ID 964 was published at https://example72.site/info?ref=964. It has symbols %$# and mixed content.
73,"Row 73: People are talking about travel experiences. Numbers such as 1861 and punctuation !?., make NLP tricky. See https://example73.site/info?ref=1861."
74,"Row 74: People are talking about augmented reality. Numbers such as 8967 and punctuation !?., make NLP tricky. See https://example74.site/info?ref=8967."
75,Row 75: A surprising fact about ocean life appeared online at https://example75.site/info?ref=3692. It includes digits 3692 and strange chars *&^%$!
76,Row 76: A surprising fact about philosophy appeared online at https://example76.site/info?ref=4475. It includes digits 4475 and strange chars *&^%$!
77,Row 77: Researchers found new insights in gaming world. Check https://example77.site/info?ref=3779. Values like 3779 appear often!
78,"Row 78: Today we discuss blockchain, including numbers like 4494, a random URL https://example78.site/info?ref=4494, and symbols @#$%!"
79,"Row 79: Today we discuss wildlife, including numbers like 2253, a random URL https://example79.site/info?ref=2253, and symbols @#$%!"
80,"Row 80: People are talking about music industry. Numbers such as 6056 and punctuation !?., make NLP tricky. See https://example80.site/info?ref=6056."
81,"Row 81: Today we discuss gaming world, including numbers like 9046, a random URL https://example81.site/info?ref=9046, and symbols @#$%!"
82,Row 82: An article on quantum computing with ID 3274 was published at https://example82.site/info?ref=3274. It has symbols %$# and mixed content.
83,Row 83: A surprising fact about stock market appeared online at https://example83.site/info?ref=2601. It includes digits 2601 and strange chars *&^%$!
84,Row 84: Researchers found new insights in agriculture. Check https://example84.site/info?ref=2572. Values like 2572 appear often!
85,Row 85: A surprising fact about quantum computing appeared online at https://example85.site/info?ref=5728. It includes digits 5728 and strange chars *&^%$!
86,"Row 86: Today we discuss genetics, including numbers like 8936, a random URL https://example86.site/info?ref=8936, and symbols @#$%!"
87,"Row 87: People are talking about transportation. Numbers such as 6975 and punctuation !?., make NLP tricky. See https://example87.site/info?ref=6975."
88,Row 88: Researchers found new insights in astronomy. Check https://example88.site/info?ref=5231. Values like 5231 appear often!
89,"Row 89: Today we discuss crime investigation, including numbers like 4771, a random URL https://example89.site/info?ref=4771, and symbols @#$%!"
90,Row 90: Understanding transportation requires handling data like 8079 and links https://example90.site/info?ref=8079 with weird chars #!@.
91,Row 91: A surprising fact about electric vehicles appeared online at https://example91.site/info?ref=9579. It includes digits 9579 and strange chars *&^%$!
92,Row 92: An article on blockchain with ID 637 was published at https://example92.site/info?ref=637. It has symbols %$# and mixed content.
93,"Row 93: People are talking about movie production. Numbers such as 8128 and punctuation !?., make NLP tricky. See https://example93.site/info?ref=8128."
94,"Row 94: People are talking about agriculture. Numbers such as 1892 and punctuation !?., make NLP tricky. See https://example94.site/info?ref=1892."
95,"Row 95: People are talking about gaming world. Numbers such as 9254 and punctuation !?., make NLP tricky. See https://example95.site/info?ref=9254."
96,"Row 96: People are talking about philosophy. Numbers such as 9560 and punctuation !?., make NLP tricky. See https://example96.site/info?ref=9560."
97,Row 97: Researchers found new insights in artificial intelligence. Check https://example97.site/info?ref=9326. Values like 9326 appear often!
98,Row 98: A surprising fact about economics appeared online at https://example98.site/info?ref=4007. It includes digits 4007 and strange chars *&^%$!
99,"Row 99: Today we discuss economics, including numbers like 2627, a random URL https://example99.site/info?ref=2627, and symbols @#$%!"
100,Row 100: An article on education system with ID 6006 was published at https://example100.site/info?ref=6006. It has symbols %$# and mixed content.
